{
  "total_prompt_tokens": 3241417,
  "total_completion_tokens": 40766,
  "total_cached_tokens": 2940928,
  "total_requests": 145,
  "total_prefill_duration": 1081.2513149632577,
  "total_generation_duration": 1506.869321243983,
  "per_model": {
    "Qwen3.5-27B-Claude-4.6-Opus-Distilled-MLX-4bit": {
      "prompt_tokens": 40844,
      "completion_tokens": 13072,
      "cached_tokens": 20480,
      "requests": 9,
      "prefill_duration": 239.57975154199812,
      "generation_duration": 723.5403438749781
    },
    "Qwen3.6-35B-A3B-oQ6-mtp": {
      "prompt_tokens": 3200573,
      "completion_tokens": 27694,
      "cached_tokens": 2920448,
      "requests": 136,
      "prefill_duration": 841.6715634212596,
      "generation_duration": 783.3289773690049
    }
  }
}